; CSV, generated by libsigrok4DSL 0.2.0 on Sun Oct 04 20:12:43 2026
; Channels (1/16)
; Sample rate: 10 MHz
; Sample count: 2.896 M Samples
Time(s), 1
0,0
0.0009358,1
0.0009693,0
0.0019308,1
0.0019643,0
0.0029257,1
0.0029592,0
0.0039206,1
0.0039541,0
0.0049154,1
0.0049489,0
0.0059103,1
0.0059437,0
0.0069051,1
0.0069386,0
0.0079,1
0.0079334,0
0.0088949,1
0.0089283,0
0.0098897,1
0.0099232,0
0.0108846,1
0.0109181,0
0.0118794,1
0.0119128,0
0.0128742,1
0.0129077,0
0.0138691,1
0.0139025,0
0.0148638,1
0.0148972,0
0.0158588,1
0.0158922,0
0.0168537,1
0.0168871,0
0.0178485,1
0.0178819,0
0.0188434,1
0.0188768,0
0.0198382,1
0.0198717,0
0.020833,1
0.0208665,0
0.0218279,1
0.0218614,0
0.0228228,1
0.0228563,0
0.0238177,1
0.0238511,0
0.0248125,1
0.024846,0
0.0258074,1
0.0258408,0
0.0268023,1
0.0268357,0
0.0277971,1
0.0278306,0
0.028792,1
0.0288254,0
0.0297868,1
0.0298203,0
0.0307817,1
0.0308152,0
0.0317767,1
0.0318102,0
0.0327718,1
0.0328052,0
0.0337667,1
0.0338001,0
0.0347616,1
0.034795,0
0.0357565,1
0.03579,0
0.0367514,1
0.0367849,0
0.0377462,1
0.0377796,0
0.0387409,1
0.0387743,0
0.0397357,1
0.0397691,0
0.0407304,1
0.0407639,0
0.0417253,1
0.0417588,0
0.0427202,1
0.0427537,0
0.043715,1
0.0437485,0
0.0447099,1
0.0447433,0
0.0457047,1
0.0457381,0
0.0466995,1
0.0467329,0
0.0476943,1
0.0477278,0
0.0486892,1
0.0487227,0
0.0496839,1
0.0497174,0
0.0506787,1
0.0507122,0
0.0516736,1
0.051707,0
0.0526684,1
0.0527019,0
0.0536633,1
0.0536967,0
0.0546582,1
0.0546916,0
0.055653,1
0.0556864,0
0.0566479,1
0.0566813,0
0.0576427,1
0.0576761,0
0.0586374,1
0.0586709,0
0.0596323,1
0.0596658,0
0.0606271,1
0.0606606,0
0.0616219,1
0.0616553,0
0.0626167,1
0.0626501,0
0.0636115,1
0.063645,0
0.0646063,1
0.0646398,0
0.0656011,1
0.0656345,0
0.0665958,1
0.0666292,0
0.0675905,1
0.0676239,0
0.0685852,1
0.0686186,0
0.0695799,1
0.0696133,0
0.0705747,1
0.0706081,0
0.0715694,1
0.0716029,0
0.0725641,1
0.0725976,0
0.073559,1
0.0735925,0
0.0745538,1
0.0745873,0
0.0755486,1
0.0755821,0
0.0765434,1
0.0765769,0
0.0775382,1
0.0775716,0
0.078533,1
0.0785665,0
0.0795278,1
0.0795613,0
0.0805225,1
0.080556,0
0.0815171,1
0.0815506,0
0.0825119,1
0.0825453,0
0.0835066,1
0.0835401,0
0.0845013,1
0.0845348,0
0.0854961,1
0.0855295,0
0.0864909,1
0.0865244,0
0.0874858,1
0.0875192,0
0.0884807,1
0.0885141,0
0.0894755,1
0.089509,0
0.0904703,1
0.0905038,0
0.0914651,1
0.0914986,0
0.0924599,1
0.0924934,0
0.0934546,1
0.0934881,0
0.0944495,1
0.0944829,0
0.0954442,1
0.0954777,0
0.096439,1
0.0964725,0
0.0974338,1
0.0974672,0
0.0984284,1
0.0984619,0
0.0994232,1
0.0994566,0
0.1004179,1
0.1004513,0
0.1014125,1
0.101446,0
0.1024072,1
0.1024406,0
0.1034018,1
0.1034353,0
0.1043965,1
0.1044299,0
0.1053912,1
0.1054246,0
0.1063859,1
0.1064194,0
0.1073807,1
0.1074141,0
0.1083754,1
0.1084089,0
0.1093702,1
0.1094036,0
0.1103651,1
0.1103986,0
0.1113601,1
0.1113935,0
0.1123551,1
0.1123886,0
0.1133501,1
0.1133836,0
0.114345,1
0.1143784,0
0.1153398,1
0.1153732,0
0.1163345,1
0.116368,0
0.1173293,1
0.1173628,0
0.1183241,1
0.1183576,0
0.119319,1
0.1193524,0
0.1203139,1
0.1203473,0
0.1213087,1
0.1213421,0
0.1223035,1
0.1223369,0
0.1232983,1
0.1233317,0
0.124293,1
0.1243265,0
0.1252879,1
0.1253214,0
0.1262829,1
0.1263163,0
0.1272776,1
0.1273111,0
0.1282724,1
0.1283059,0
0.1292672,1
0.1293006,0
0.1302619,1
0.1302954,0
0.1312567,1
0.1312901,0
0.1322515,1
0.132285,0
0.1332463,1
0.1332798,0
0.1342411,1
0.1342746,0
0.1352359,1
0.1352693,0
0.1362307,1
0.1362642,0
0.1372256,1
0.137259,0
0.1382204,1
0.1382539,0
0.1392152,1
0.1392487,0
0.14021,1
0.1402434,0
0.1412048,1
0.1412383,0
0.1421997,1
0.1422332,0
0.1431945,1
0.143228,0
0.1441893,1
0.1442227,0
0.1451842,1
0.1452176,0
0.146179,1
0.1462125,0
0.1471739,1
0.1472073,0
0.1481687,1
0.1482021,0
0.1491635,1
0.1491969,0
0.1501583,1
0.1501917,0
0.1511531,1
0.1511865,0
0.1521479,1
0.1521814,0
0.1531428,1
0.1531762,0
0.1541375,1
0.154171,0
0.1551323,1
0.1551657,0
0.156127,1
0.1561605,0
0.1571219,1
0.1571553,0
0.1581169,1
0.1581504,0
0.1591119,1
0.1591453,0
0.1601067,1
0.1601401,0
0.1611015,1
0.1611349,0
0.1620963,1
0.1621298,0
0.1630912,1
0.1631247,0
0.1640861,1
0.1641195,0
0.1650809,1
0.1651144,0
0.1660758,1
0.1661093,0
0.1670707,1
0.1671042,0
0.1680656,1
0.1680991,0
0.1690605,1
0.169094,0
0.1700554,1
0.1700889,0
0.1710503,1
0.1710838,0
0.1720452,1
0.1720787,0
0.1730401,1
0.1730735,0
0.174035,1
0.1740684,0
0.1750299,1
0.1750634,0
0.1760249,1
0.1760584,0
0.1770198,1
0.1770533,0
0.1780147,1
0.1780481,0
0.1790095,1
0.179043,0
0.1800044,1
0.1800378,0
0.1809992,1
0.1810327,0
0.181994,1
0.1820275,0
0.1829889,1
0.1830223,0
0.1839837,1
0.1840171,0
0.1849784,1
0.1850119,0
0.1859731,1
0.1860066,0
0.1869678,1
0.1870013,0
0.1879626,1
0.1879961,0
0.1889575,1
0.1889909,0
0.1899524,1
0.1899859,0
0.1909472,1
0.1909807,0
0.1919419,1
0.1919754,0
0.1929367,1
0.1929701,0
0.1939313,1
0.1939648,0
0.194926,1
0.1949595,0
0.1959207,1
0.1959542,0
0.1969154,1
0.1969489,0
0.1979102,1
0.1979436,0
0.1989049,1
0.1989383,0
0.1998996,1
0.1999331,0
