; CSV, generated by libsigrok4DSL 0.2.0 on Sun Oct 04 20:18:20 2026
; Channels (1/16)
; Sample rate: 10 MHz
; Sample count: 2.896 M Samples
Time(s), 1
0,0
0.0005436,1
0.0005718,0
0.0015384,1
0.0015666,0
0.0025332,1
0.0025614,0
0.0035277,1
0.0035559,0
0.0045224,1
0.0045506,0
0.0055171,1
0.0055453,0
0.0065118,1
0.0065401,0
0.0075065,1
0.0075348,0
0.0085013,1
0.0085295,0
0.009496,1
0.0095242,0
0.0104907,1
0.0105189,0
0.0114855,1
0.0115137,0
0.0124803,1
0.0125085,0
0.0134749,1
0.0135031,0
0.0144698,1
0.014498,0
0.0154646,1
0.0154929,0
0.0164597,1
0.0164879,0
0.0174546,1
0.0174828,0
0.0184493,1
0.0184775,0
0.0194443,1
0.0194725,0
0.0204391,1
0.0204673,0
0.0214339,1
0.0214621,0
0.0224286,1
0.0224568,0
0.0234236,1
0.0234518,0
0.0244184,1
0.0244467,0
0.0254133,1
0.0254415,0
0.0264079,1
0.0264362,0
0.0274028,1
0.027431,0
0.0283975,1
0.0284257,0
0.0293921,1
0.0294203,0
0.0303869,1
0.0304151,0
0.0313817,1
0.0314099,0
0.0323766,1
0.0324049,0
0.0333713,1
0.0333995,0
0.0343661,1
0.0343944,0
0.0353609,1
0.0353891,0
0.0363556,1
0.0363838,0
0.0373503,1
0.0373785,0
0.038345,1
0.0383733,0
0.0393398,1
0.039368,0
0.0403346,1
0.0403628,0
0.0413294,1
0.0413576,0
0.0423242,1
0.0423524,0
0.043319,1
0.0433472,0
0.0443138,1
0.0443421,0
0.0453087,1
0.0453369,0
0.0463034,1
0.0463316,0
0.0472982,1
0.0473264,0
0.0482931,1
0.0483214,0
0.0492879,1
0.0493161,0
0.0502825,1
0.0503108,0
0.0512772,1
0.0513055,0
0.0522719,1
0.0523002,0
0.0532665,1
0.0532947,0
0.0542614,1
0.0542896,0
0.0552561,1
0.0552843,0
0.0562508,1
0.0562791,0
0.0572456,1
0.0572738,0
0.0582402,1
0.0582685,0
0.059235,1
0.0592633,0
0.0602297,1
0.0602579,0
0.0612245,1
0.0612527,0
0.0622192,1
0.0622474,0
0.0632142,1
0.0632424,0
0.0642091,1
0.0642373,0
0.0652039,1
0.0652321,0
0.0661986,1
0.0662268,0
0.0671932,1
0.0672215,0
0.0681881,1
0.0682164,0
0.0691829,1
0.0692111,0
0.0701777,1
0.0702059,0
0.0711724,1
0.0712006,0
0.0721673,1
0.0721955,0
0.0731621,1
0.0731903,0
0.0741566,1
0.0741849,0
0.0751514,1
0.0751797,0
0.0761461,1
0.0761743,0
0.0771408,1
0.077169,0
0.0781355,1
0.0781637,0
0.0791305,1
0.0791587,0
0.0801252,1
0.0801534,0
0.08112,1
0.0811483,0
0.0821148,1
0.082143,0
0.0831095,1
0.0831377,0
0.0841042,1
0.0841325,0
0.085099,1
0.0851272,0
0.0860938,1
0.086122,0
0.0870885,1
0.0871167,0
0.0880833,1
0.0881115,0
0.0890781,1
0.0891064,0
0.0900728,1
0.090101,0
0.0910674,1
0.0910957,0
0.092062,1
0.0920903,0
0.0930569,1
0.0930851,0
0.0940518,1
0.09408,0
0.0950468,1
0.095075,0
0.0960416,1
0.0960698,0
0.0970363,1
0.0970645,0
0.0980311,1
0.0980593,0
0.0990259,1
0.0990541,0
0.1000206,1
0.1000489,0
0.1010154,1
0.1010436,0
0.1020101,1
0.1020383,0
0.1030049,1
0.1030331,0
0.1039996,1
0.1040279,0
0.1049943,1
0.1050226,0
0.105989,1
0.1060173,0
0.1069838,1
0.107012,0
0.1079784,1
0.1080067,0
0.1089733,1
0.1090015,0
0.109968,1
0.1099962,0
0.1109628,1
0.110991,0
0.1119576,1
0.1119859,0
0.1129524,1
0.1129807,0
0.1139471,1
0.1139753,0
0.1149418,1
0.11497,0
0.1159366,1
0.1159649,0
0.1169315,1
0.1169597,0
0.1179263,1
0.1179545,0
0.1189211,1
0.1189493,0
0.1199159,1
0.1199442,0
0.1209106,1
0.1209388,0
0.1219055,1
0.1219337,0
0.1229003,1
0.1229285,0
0.1238951,1
0.1239233,0
0.1248898,1
0.124918,0
0.1258845,1
0.1259128,0
0.1268795,1
0.1269078,0
0.1278744,1
0.1279026,0
0.1288691,1
0.1288973,0
0.1298637,1
0.129892,0
0.1308582,1
0.1308865,0
0.131853,1
0.1318813,0
0.1328477,1
0.1328759,0
0.1338424,1
0.1338706,0
0.134837,1
0.1348653,0
0.1358317,1
0.13586,0
0.1368263,1
0.1368546,0
0.1378212,1
0.1378495,0
0.138816,1
0.1388443,0
0.1398108,1
0.139839,0
0.1408054,1
0.1408337,0
0.1418005,1
0.1418287,0
0.1427955,1
0.1428237,0
0.1437902,1
0.1438184,0
0.1447849,1
0.1448132,0
0.1457797,1
0.1458079,0
0.1467743,1
0.1468026,0
0.1477691,1
0.1477973,0
0.1487637,1
0.1487919,0
0.1497585,1
0.1497867,0
0.1507531,1
0.1507813,0
0.1517477,1
0.151776,0
0.1527423,1
0.1527706,0
0.1537371,1
0.1537653,0
0.1547318,1
0.15476,0
0.1557265,1
0.1557548,0
0.1567212,1
0.1567494,0
0.1577161,1
0.1577443,0
0.158711,1
0.1587392,0
0.1597058,1
0.1597341,0
0.1607006,1
0.1607289,0
0.1616954,1
0.1617236,0
0.1626899,1
0.1627181,0
0.1636847,1
0.163713,0
0.1646793,1
0.1647076,0
0.165674,1
0.1657023,0
0.1666687,1
0.1666969,0
0.1676634,1
0.1676916,0
0.1686581,1
0.1686863,0
0.1696526,1
0.1696808,0
0.1706474,1
0.1706757,0
0.1716421,1
0.1716704,0
0.1726368,1
0.172665,0
0.1736316,1
0.1736599,0
0.1746265,1
0.1746548,0
0.1756213,1
0.1756495,0
0.176616,1
0.1766443,0
0.1776107,1
0.1776389,0
0.1786054,1
0.1786336,0
0.1795999,1
0.1796281,0
0.1805947,1
0.1806229,0
0.1815892,1
0.1816175,0
0.182584,1
0.1826122,0
0.1835787,1
0.183607,0
0.1845734,1
0.1846016,0
0.1855681,1
0.1855963,0
0.1865627,1
0.1865909,0
0.1875575,1
0.1875857,0
0.1885521,1
0.1885803,0
0.189547,1
0.1895752,0
0.1905418,1
0.19057,0
0.1915365,1
0.1915647,0
0.1925311,1
0.1925593,0
0.1935258,1
0.193554,0
0.1945205,1
0.1945487,0
0.1955152,1
0.1955435,0
0.1965099,1
0.1965382,0
0.1975046,1
0.1975328,0
0.1984993,1
0.1985275,0
0.1994942,1
0.1995224,0
