; CSV, generated by libsigrok4DSL 0.2.0 on Sun Oct 04 14:43:37 2026
; Channels (1/16)
; Sample rate: 10 MHz
; Sample count: 2.896 M Samples
Time(s), 1
0,1
0.0003757,0
0.001372,1
0.0023684,0
0.0033647,1
0.004361,0
0.0053573,1
0.0063536,0
0.0073498,1
0.008346,0
0.0093422,1
0.0103383,0
0.0113345,1
0.0123307,0
0.013327,1
0.0143234,0
0.0153197,1
0.016316,0
0.0173123,1
0.0183086,0
0.0193048,1
0.020301,0
0.0212972,1
0.0222936,0
0.0232899,1
0.0242863,0
0.0252826,1
0.0262789,0
0.0272752,1
0.0282714,0
0.0292677,1
0.030264,0
0.0312602,1
0.0322565,0
0.0332528,1
0.0342492,0
0.0352456,1
0.0362419,0
0.0372381,1
0.0382344,0
0.0392308,1
0.040227,0
0.0412232,1
0.0422194,0
0.0432156,1
0.0442119,0
0.045208,1
0.0462043,0
0.0472005,1
0.0481969,0
0.0491932,1
0.0501895,0
0.0511858,1
0.0521822,0
0.0531785,1
0.054175,0
0.0551714,1
0.0561677,0
0.0571639,1
0.0581602,0
0.0591566,1
0.0601529,0
0.0611493,1
0.0621455,0
0.0631417,1
0.064138,0
0.0651343,1
0.0661306,0
0.0671268,1
0.0681231,0
0.0691193,1
0.0701156,0
0.071112,1
0.0721083,0
0.0731046,1
0.0741009,0
0.0750972,1
0.0760935,0
0.0770898,1
0.0780861,0
0.0790825,1
0.0800789,0
0.0810753,1
0.0820716,0
0.0830679,1
0.0840643,0
0.0850606,1
0.0860569,0
0.0870532,1
0.0880495,0
0.0890458,1
0.090042,0
0.0910381,1
0.0920343,0
0.0930306,1
0.0940269,0
0.0950233,1
0.0960197,0
0.0970161,1
0.0980124,0
0.0990087,1
0.100005,0
0.1010012,1
0.1019975,0
0.1029937,1
0.10399,0
0.1049862,1
0.1059825,0
0.1069788,1
0.107975,0
0.1089713,1
0.1099676,0
0.1109639,1
0.1119603,0
0.1129566,1
0.1139528,0
0.114949,1
0.1159453,0
0.1169416,1
0.1179379,0
0.1189342,1
0.1199305,0
0.1209268,1
0.1219231,0
0.1229193,1
0.1239156,0
0.1249119,1
0.1259081,0
0.1269044,1
0.1279007,0
0.128897,1
0.1298934,0
0.1308897,1
0.1318861,0
0.1328824,1
0.1338788,0
0.1348751,1
0.1358714,0
0.1368677,1
0.1378638,0
0.13886,1
0.1398562,0
0.1408524,1
0.1418487,0
0.1428451,1
0.1438415,0
0.1448378,1
0.1458341,0
0.1468304,1
0.1478268,0
0.1488231,1
0.1498194,0
0.1508156,1
0.1518118,0
0.152808,1
0.1538042,0
0.1548003,1
0.1557966,0
0.1567928,1
0.157789,0
0.1587855,1
0.1597818,0
0.1607781,1
0.1617743,0
0.1627706,1
0.1637668,0
0.164763,1
0.1657592,0
0.1667555,1
0.1677518,0
0.1687482,1
0.1697446,0
0.170741,1
0.1717374,0
0.1727337,1
0.1737301,0
0.1747264,1
0.1757228,0
0.1767192,1
0.1777156,0
0.1787119,1
0.1797082,0
0.1807046,1
0.1817009,0
0.1826972,1
0.1836936,0
0.18469,1
0.1856863,0
0.1866827,1
0.187679,0
0.1886753,1
0.1896717,0
0.1906681,1
0.1916646,0
0.1926609,1
0.1936572,0
0.1946535,1
0.1956498,0
0.1966461,1
0.1976425,0
0.1986389,1
0.1996352,0
